{"epoch": 100, "val_acc": 0.9411764705882353, "train_loss": 0.028130032910379552, "val_loss": 0.12567952021644863}