{"epoch": 100, "val_acc": 0.9705882352941176, "train_loss": 0.011710776801531514, "val_loss": 0.18653556255294995}