{"epoch": 100, "val_acc": 0.9733333333333334, "train_loss": 0.01449269645919544, "val_loss": 0.12037762062934537}