{"epoch": 100, "val_acc": 0.9253731343283582, "train_loss": 0.0034857175971363223, "val_loss": 0.19233208288892117}