{"epoch": 100, "val_acc": 0.9305555555555556, "train_loss": 0.004311091294598386, "val_loss": 0.16052425855499072}