{"epoch": 100, "val_acc": 0.9242424242424242, "train_loss": 0.00552663083757977, "val_loss": 0.2100763674569669}