{"epoch": 100, "val_acc": 0.9538461538461539, "train_loss": 0.005044506188878952, "val_loss": 0.13053505234420298}