{"epoch": 100, "val_acc": 0.9722222222222222, "train_loss": 0.0056064877517420396, "val_loss": 0.0691780731665656}