{"epoch": 100, "val_acc": 0.8064516129032258, "train_loss": 0.028765310670303947, "val_loss": 0.3221338202035235}