{"epoch": 100, "val_acc": 0.9714285714285714, "train_loss": 0.0033865899795273435, "val_loss": 0.10079481108446739}