{"epoch": 100, "val_acc": 0.9444444444444444, "train_loss": 0.005143323242075248, "val_loss": 0.1718604334491829}