{"epoch": 100, "val_acc": 0.9032258064516129, "train_loss": 0.07932329287423807, "val_loss": 0.3092638555793993}