{"epoch": 100, "val_acc": 0.9090909090909091, "train_loss": 0.0050411056676385735, "val_loss": 0.20201861736484605}