{"epoch": 100, "val_acc": 0.9420289855072463, "train_loss": 0.0038642245464548587, "val_loss": 0.1531270801876773}