{"epoch": 100, "val_acc": 0.9705882352941176, "train_loss": 0.037664863872416916, "val_loss": 0.08289585873717442}