{"epoch": 100, "val_acc": 0.9322033898305084, "train_loss": 0.009529771829951869, "val_loss": 0.13536739268022493}