{"epoch": 100, "val_acc": 0.9696969696969697, "train_loss": 0.005279667021537937, "val_loss": 0.1336233690839656}