{"epoch": 100, "val_acc": 0.9861111111111112, "train_loss": 0.004212751238416117, "val_loss": 0.06429281481177895}