{"epoch": 100, "val_acc": 0.923728813559322, "train_loss": 0.010003751618322837, "val_loss": 0.18833034122421927}