{"epoch": 100, "val_acc": 0.9333333333333333, "train_loss": 0.005562399081716979, "val_loss": 0.09109038600310063}