{"epoch": 100, "val_acc": 0.8823529411764706, "train_loss": 0.01206321796015292, "val_loss": 0.399874227011905}