{"epoch": 100, "val_acc": 0.8676470588235294, "train_loss": 0.00826279866409355, "val_loss": 0.27801257744517094}