{"epoch": 100, "val_acc": 0.9130434782608695, "train_loss": 0.0035309549148453846, "val_loss": 0.2837133589546547}