{"epoch": 100, "val_acc": 0.944, "train_loss": 0.03671619207654664, "val_loss": 0.16918056488782168}