{"epoch": 100, "val_acc": 0.9879518072289156, "train_loss": 0.010638520797696633, "val_loss": 0.03605422428360276}