{"epoch": 100, "val_acc": 0.7333333333333333, "train_loss": 0.009946574837985363, "val_loss": 0.453553199271361}