{"epoch": 100, "val_acc": 0.9090909090909091, "train_loss": 0.012571925590504095, "val_loss": 0.26410787628947596}