{"epoch": 100, "val_acc": 0.8235294117647058, "train_loss": 0.01993890152639383, "val_loss": 0.374514088692034}