{"epoch": 100, "val_acc": 0.9864864864864865, "train_loss": 0.005165397819447597, "val_loss": 0.039797429418163}