{"epoch": 100, "val_acc": 0.9701492537313433, "train_loss": 0.007517755478099724, "val_loss": 0.06557436119035276}