{"epoch": 100, "val_acc": 0.972972972972973, "train_loss": 0.005077882503212008, "val_loss": 0.057757583188799186}