{"epoch": 100, "val_acc": 0.8709677419354839, "train_loss": 0.01358732976950705, "val_loss": 0.3221064718259919}