{"epoch": 100, "val_acc": 0.8709677419354839, "train_loss": 0.01178658097598921, "val_loss": 0.3256014968238531}