{"epoch": 100, "val_acc": 0.9705882352941176, "train_loss": 0.009263363723906192, "val_loss": 0.07606229856473339}