{"epoch": 100, "val_acc": 0.9032258064516129, "train_loss": 0.01347555935054141, "val_loss": 0.31255533618311726}