{"epoch": 100, "val_acc": 0.8064516129032258, "train_loss": 0.029150794123244637, "val_loss": 0.33511959821466475}