{"epoch": 100, "val_acc": 0.7647058823529411, "train_loss": 0.0351596912731985, "val_loss": 0.4917799577883938}