{"epoch": 100, "val_acc": 0.8709677419354839, "train_loss": 0.018150422174264404, "val_loss": 0.3317189877251944}