{"epoch": 100, "val_acc": 0.8387096774193549, "train_loss": 0.011947816415854236, "val_loss": 0.3440536079748023}