{"epoch": 100, "val_acc": 0.7333333333333333, "train_loss": 0.00990802537875645, "val_loss": 0.4703153017908335}