{"epoch": 100, "val_acc": 0.8849557522123894, "train_loss": 0.004709200221651162, "val_loss": 0.3169801603491208}