{"epoch": 100, "val_acc": 0.9333333333333333, "train_loss": 0.01958166783237282, "val_loss": 0.24980268838504952}