{"epoch": 100, "val_acc": 0.9117647058823529, "train_loss": 0.015525750492324497, "val_loss": 0.20604928407598944}