{"epoch": 100, "val_acc": 0.9444444444444444, "train_loss": 0.004396607981848151, "val_loss": 0.1291251030056123}