{"epoch": 100, "val_acc": 0.9354838709677419, "train_loss": 0.11286719296784962, "val_loss": 0.3382239668600021}