{"epoch": 100, "val_acc": 0.9117647058823529, "train_loss": 0.04360366867879381, "val_loss": 0.2357808754724615}