{"epoch": 100, "val_acc": 0.9861111111111112, "train_loss": 0.003558686688892322, "val_loss": 0.09561172080510813}