{"epoch": 100, "val_acc": 0.8387096774193549, "train_loss": 0.018463281805024427, "val_loss": 0.3601990505872715}