{"epoch": 100, "val_acc": 0.912, "train_loss": 0.03034918183649352, "val_loss": 0.21871371404826642}