{"epoch": 100, "val_acc": 0.8706896551724138, "train_loss": 0.006224281049003451, "val_loss": 0.22817248313618493}