{"epoch": 100, "val_acc": 0.9380530973451328, "train_loss": 0.005421592472591258, "val_loss": 0.18352021871493157}