{"epoch": 100, "val_acc": 0.8787878787878788, "train_loss": 0.009809899743025501, "val_loss": 0.3102922426804787}