{"epoch": 100, "val_acc": 0.9726027397260274, "train_loss": 0.008200836738632504, "val_loss": 0.06228285432994136}