{"epoch": 84, "val_acc": 0.8518518518518519, "train_loss": 0.1620982065796852, "val_loss": 0.6005370478939127}