{"epoch": 100, "val_acc": 0.9701492537313433, "train_loss": 0.007137135710524346, "val_loss": 0.09707554854772318}