{"epoch": 100, "val_acc": 0.9411764705882353, "train_loss": 0.021001606850050293, "val_loss": 0.18253781651968465}