{"epoch": 100, "val_acc": 0.8823529411764706, "train_loss": 0.011881305431751045, "val_loss": 0.29444068456616473}