{"epoch": 100, "val_acc": 0.9090909090909091, "train_loss": 0.0052991796975696325, "val_loss": 0.26109540063683223}