{"epoch": 100, "val_acc": 0.9137931034482759, "train_loss": 0.007340535636832554, "val_loss": 0.20294671513994247}