{"epoch": 100, "val_acc": 0.9861111111111112, "train_loss": 0.004148532274419004, "val_loss": 0.08354771449942039}