{"epoch": 100, "val_acc": 0.7575757575757576, "train_loss": 0.00937317785496513, "val_loss": 0.3876105803770549}