{"epoch": 100, "val_acc": 0.9848484848484849, "train_loss": 0.009653885222892527, "val_loss": 0.0394822132322147}