{"epoch": 100, "val_acc": 0.9354838709677419, "train_loss": 0.025794783086680314, "val_loss": 0.28789789650228714}