{"epoch": 100, "val_acc": 0.8805970149253731, "train_loss": 0.0035066950743845604, "val_loss": 0.24016848917522315}