{"epoch": 100, "val_acc": 0.9722222222222222, "train_loss": 0.003615729161626915, "val_loss": 0.10788994334385886}