{"epoch": 100, "val_acc": 0.8709677419354839, "train_loss": 0.16641852982780514, "val_loss": 0.489475546344634}