{"epoch": 100, "val_acc": 0.9122807017543859, "train_loss": 0.0061346444397879, "val_loss": 0.23618423234847}