{"epoch": 100, "val_acc": 0.9298245614035088, "train_loss": 0.005918634657780675, "val_loss": 0.16528790077427402}