{"epoch": 100, "val_acc": 0.9466666666666667, "train_loss": 0.014559014493903167, "val_loss": 0.12202092137963821}