{"epoch": 100, "val_acc": 0.8709677419354839, "train_loss": 0.07877326066441395, "val_loss": 0.34601197409774026}