{"epoch": 100, "val_acc": 0.9866666666666667, "train_loss": 0.00949396878312075, "val_loss": 0.06491434071213006}