{"epoch": 100, "val_acc": 0.9857142857142858, "train_loss": 0.00348457656618848, "val_loss": 0.043500804611747816}