{"epoch": 100, "val_acc": 0.9504132231404959, "train_loss": 0.016652182420378962, "val_loss": 0.15781921718855513}