{"epoch": 100, "val_acc": 0.8529411764705882, "train_loss": 0.011902176860817954, "val_loss": 0.3047824862467892}