{"epoch": 100, "val_acc": 0.7647058823529411, "train_loss": 0.010000216428500911, "val_loss": 0.5590307945933413}