{"epoch": 100, "val_acc": 0.9076923076923077, "train_loss": 0.004362562656703002, "val_loss": 0.213463336825729}