{"epoch": 100, "val_acc": 0.958904109589041, "train_loss": 0.0075330303450408835, "val_loss": 0.09572831352005318}