{"epoch": 100, "val_acc": 0.9333333333333333, "train_loss": 0.09507765073110075, "val_loss": 0.32358375042676923}